Ava,Amelia,Aiden,Anthony,Alex,Avery,Bella,Brooke,Blake,Brandon,Bailey,Blake,Chloe,Claire,Connor,Carter,Casey,Cameron,Daisy,Diana,Daniel,David,Dakota,Drew,Emma,Evelyn,Ethan,Ezra,Eden,Emery,Fiona,Felicity,Felix,Francisco,Finley,Frankie,Grace,Gemma,George,Gavin,Gray,Gale,Hannah,Hazel,Henry,Hunter,Harley,Hayden,Isabella,Ivy,Isaac,Ivan,Indigo,Ivory,Julia,Jasmine,Joshua,Jaxon,Jade,Jordan,Kayla,Kiara,Kevin,Kaden,Kendall,Kerry,Luna,Layla,Lucas,Logan,Lincoln,Leslie,Mia,Maya,Matthew,Mason,Morgan,Micah,Natalie,Nora,Nicholas,Noah,Noel,Nova,Obelia,Olivia,Olley,Owen,Oakley,Orion,Penelope,Phoebe,Patrick,Preston,Peyton,Phoenix,Queenie,Quiana,Quentin,Quinn,Quinlan,Quest,Rachel,Rebecca,Ryan,Robert,Riley,Reece,Sophia,Scarlett,Sebastian,Santiago,Sydney,Sam,Taylor,Trinity,Thomas,Trevor,Tru,Terry,Uma,Ursa,Ulysses,Uriel,Urban,Umber,Victoria,Vanessa,Victor,Vance,Valentine,Vega,Willow,Wendy,William,Wyatt,Wren,Whitney,Ximena,Xena,Xander,Xerxes,Xue,Xoan,Yvette,Yvonne,Yosef,Yannis,York,Yael,Yale,Zara,Zelda,Zachary,Zane,Zion,Zephyr,Top,Top